{"count":1,"self":668.41697279999994,"total":5072.9763675999993,"children":{"AgentSendState":{"count":269567,"self":15.457799999999999,"total":1290.3625984999999,"children":{"CollectObservations":{"count":269567,"self":26.8631936,"total":26.8631933,"children":null},"CollectDiscreteActionMasks":{"count":269567,"self":1.4816856999999999,"total":1.4816856999999999,"children":null},"AgentInfo.ToProto":{"count":269567,"self":5.398588,"total":1246.5599189,"children":{"GenerateSensorData":{"count":269567,"self":24.4926624,"total":1241.161331,"children":{"CameraSensor.GetCompressedObservation":{"count":539134,"self":1216.668672,"total":1216.6686680999999,"children":null}}}}}}},"DecideAction":{"count":269567,"self":2969.5778815999997,"total":2969.5779063,"children":null},"AgentAct":{"count":269567,"self":135.55207679999998,"total":144.6178823,"children":{"AgentInfo.ToProto":{"count":2001,"self":0.0429494,"total":9.0657997,"children":{"GenerateSensorData":{"count":2001,"self":0.1624554,"total":9.0228503,"children":{"CameraSensor.GetCompressedObservation":{"count":4002,"self":8.8603952,"total":8.8603949,"children":null}}}}}}}},"gauges":{"Gesture.CumulativeReward":{"count":2001,"max":0.997,"min":-43.56983,"runningAverage":0.176782966,"value":0.595000148,"weightedAverage":-0.139563441}},"metadata":{"timer_format_version":"0.1.0","start_time_seconds":"1606140608","unity_version":"2019.4.4f1","command_line_arguments":"C:\\Program Files\\Unity\\Hub\\Editor\\2019.4.4f1\\Editor\\Unity.exe -projectpath D:\/Docs\/Unity Projects\/CVPR_v1.0 -useHub -hubIPC -cloudEnvironment production -hubSessionId b8ec21c0-2aa7-11eb-8598-5d6ea78c8d5d -accessToken L03p7jWyLQjhPuGcBNgK8mQOe1SUIGwRtBmIBFMApiQ001f","communication_protocol_version":"1.0.0","com.unity.ml-agents_version":"1.0.5","scene_name":"Scene_main","end_time_seconds":"1606145681"}}