{"count":1,"self":7413.41184,"total":14822.414149499999,"children":{"AgentSendState":{"count":657992,"self":26.363616,"total":1466.4744982,"children":{"CollectObservations":{"count":657992,"self":55.541452799999995,"total":55.541454099999996,"children":null},"CollectDiscreteActionMasks":{"count":657992,"self":1.8420184,"total":1.8420184,"children":null},"AgentInfo.ToProto":{"count":657992,"self":7.3797647999999993,"total":1382.7274098999999,"children":{"GenerateSensorData":{"count":657992,"self":37.7063136,"total":1375.3476454,"children":{"CameraSensor.GetCompressedObservation":{"count":1315984,"self":1337.6413696,"total":1337.6413326,"children":null}}}}}}},"DecideAction":{"count":657992,"self":5580.5485056,"total":5580.5486436,"children":null},"AgentAct":{"count":657992,"self":346.9688832,"total":361.978282,"children":{"AgentInfo.ToProto":{"count":6709,"self":0.0963536,"total":15.009395,"children":{"GenerateSensorData":{"count":6709,"self":0.41716359999999997,"total":14.9130414,"children":{"CameraSensor.GetCompressedObservation":{"count":13418,"self":14.495878399999999,"total":14.495877799999999,"children":null}}}}}}}},"gauges":{"Gesture.CumulativeReward":{"count":6709,"max":0.99,"min":-5.910023,"runningAverage":0.487617254,"value":0.380000442,"weightedAverage":0.716430247}},"metadata":{"timer_format_version":"0.1.0","start_time_seconds":"1598660122","unity_version":"2019.4.4f1","command_line_arguments":"F:\\Unity Projects\\2019.4.4f1\\Editor\\Unity.exe -projectpath F:\/Unity Projects\/Gesture_v1.1.0 -useHub -hubIPC -cloudEnvironment production -hubSessionId 1bb93dd0-e66d-11ea-ba0d-1b6a41e03f5c -accessToken dHBdpoSHFygjC2JG_dFqBYPB4pwiSTPJ-1u0AieB1ZU001f","communication_protocol_version":"1.0.0","com.unity.ml-agents_version":"1.0.3","scene_name":"Scene_0","end_time_seconds":"1598674945"}}