{"count":1,"self":102.894688,"total":526.9118174,"children":{"AgentSendState":{"count":103051,"self":5.3453019999999993,"total":14.4193587,"children":{"CollectObservations":{"count":103051,"self":3.6269055999999997,"total":3.6269055,"children":null},"CollectDiscreteActionMasks":{"count":103051,"self":0.4569855,"total":0.4569855,"children":null},"AgentInfo.ToProto":{"count":103051,"self":1.3027545999999999,"total":4.9901658,"children":{"GenerateSensorData":{"count":103051,"self":3.6874111999999997,"total":3.6874111999999997,"children":null}}}}},"DecideAction":{"count":103051,"self":407.649792,"total":407.6497912,"children":null},"AgentAct":{"count":103051,"self":1.9278232,"total":1.946963,"children":{"AgentInfo.ToProto":{"count":554,"self":0.008062999999999999,"total":0.019139899999999998,"children":{"GenerateSensorData":{"count":554,"self":0.011076899999999999,"total":0.011076899999999999,"children":null}}}}}},"gauges":{"Gesture.CumulativeReward":{"count":554,"max":0.988,"min":-4.24001646,"runningAverage":-0.26917696,"value":-0.0599971749,"weightedAverage":-0.05211284}},"metadata":{"timer_format_version":"0.1.0","start_time_seconds":"1599546768","unity_version":"2019.4.4f1","command_line_arguments":"F:\\Unity Projects\\2019.4.4f1\\Editor\\Unity.exe -projectpath F:\/Unity Projects\/Gesture_v2.0 -useHub -hubIPC -cloudEnvironment production -hubSessionId be788480-ec8b-11ea-b27d-1f8b85b051af -accessToken qO2AGQ9vDPP98JHn9bvPaJGZ9h14wnmA-mCfetKzsyo001f","communication_protocol_version":"1.0.0","com.unity.ml-agents_version":"1.0.4","scene_name":"Scene_main","end_time_seconds":"1599547295"}}