{"count":1,"self":1792.0282624,"total":15377.4899094,"children":{"AgentSendState":{"count":869951,"self":44.4227456,"total":3929.3028578999997,"children":{"CollectObservations":{"count":869951,"self":28.066307199999997,"total":28.066306599999997,"children":null},"CollectDiscreteActionMasks":{"count":869951,"self":3.8439376,"total":3.8439376999999997,"children":null},"AgentInfo.ToProto":{"count":869951,"self":14.0601296,"total":3852.9698676,"children":{"GenerateSensorData":{"count":869951,"self":77.6231232,"total":3838.9097383,"children":{"CameraSensor.GetCompressedObservation":{"count":1739902,"self":3761.2867584,"total":3761.2866170999996,"children":null}}}}}}},"DecideAction":{"count":869951,"self":9609.5592447999989,"total":9609.5595125,"children":null},"AgentAct":{"count":869951,"self":15.9821008,"total":46.5983459,"children":{"AgentInfo.ToProto":{"count":6801,"self":0.10005789999999999,"total":30.616245099999997,"children":{"GenerateSensorData":{"count":6801,"self":0.5696259,"total":30.516187199999997,"children":{"CameraSensor.GetCompressedObservation":{"count":13602,"self":29.946559999999998,"total":29.9465613,"children":null}}}}}}}},"gauges":{"Gesture.CumulativeReward":{"count":6801,"max":0.99,"min":-5.98002338,"runningAverage":0.416003466,"value":0.848,"weightedAverage":0.66163224}},"metadata":{"timer_format_version":"0.1.0","start_time_seconds":"1599571547","unity_version":"2019.4.4f1","command_line_arguments":"C:\\Program Files\\Unity\\Hub\\Editor\\2019.4.4f1\\Editor\\Unity.exe -projectpath D:\/Docs\/Unity Projects\/Gesture_v2.0 -useHub -hubIPC -cloudEnvironment production -hubSessionId 036b60a0-f09a-11ea-b5cf-e30c945d08dc -accessToken 6qr8CVWWNyBqg5Cx3RulesLvJzpoyyckJI38ImdtT9M001f","communication_protocol_version":"1.0.0","com.unity.ml-agents_version":"1.0.4","scene_name":"Scene_main","end_time_seconds":"1599586924"}}