{"count":1,"self":4429.2112384,"total":35620.373730499996,"children":{"AgentSendState":{"count":2001067,"self":96.3763712,"total":12400.2380573,"children":{"CollectObservations":{"count":2001067,"self":166.653248,"total":166.65325389999998,"children":null},"CollectDiscreteActionMasks":{"count":2001067,"self":9.2023016,"total":9.2023014,"children":null},"AgentInfo.ToProto":{"count":2001067,"self":33.163295999999995,"total":12128.0061283,"children":{"GenerateSensorData":{"count":2001067,"self":139.8777088,"total":12094.8428334,"children":{"CameraSensor.GetCompressedObservation":{"count":4002134,"self":11954.9648896,"total":11954.965120699999,"children":null}}}}}}},"DecideAction":{"count":2001067,"self":18666.3026688,"total":18666.302953899998,"children":null},"AgentAct":{"count":2001067,"self":113.149504,"total":124.62048089999999,"children":{"AgentInfo.ToProto":{"count":4064,"self":0.0765387,"total":11.4709791,"children":{"GenerateSensorData":{"count":4064,"self":0.2678027,"total":11.394440399999999,"children":{"CameraSensor.GetCompressedObservation":{"count":8128,"self":11.126637599999999,"total":11.1266377,"children":null}}}}}}}},"gauges":{"Gesture.CumulativeReward":{"count":4064,"max":0.932000041,"min":-15.9551516,"runningAverage":-1.07715666,"value":-0.4999971,"weightedAverage":-0.697933}},"metadata":{"timer_format_version":"0.1.0","start_time_seconds":"1605170687","unity_version":"2019.4.4f1","command_line_arguments":"F:\\Unity Projects\\2019.4.4f1\\Editor\\Unity.exe -projectpath F:\/Unity Projects\/CVPR_v1.0 -useHub -hubIPC -cloudEnvironment production -hubSessionId 3c59ac90-24c1-11eb-a80e-19aae3e29a0d -accessToken sPrOrZcoPNiRJQez33BYT8wR8vSqxgVy2wEa3fBPhpk001f","communication_protocol_version":"1.0.0","com.unity.ml-agents_version":"1.0.5","scene_name":"Scene_main","end_time_seconds":"1605206308"}}