{"count":1,"self":386.6139136,"total":2758.1926544,"children":{"AgentSendState":{"count":143584,"self":8.7049168,"total":1042.8611045999999,"children":{"CollectObservations":{"count":143584,"self":339.6486912,"total":339.6487006,"children":null},"CollectDiscreteActionMasks":{"count":143584,"self":0.84995219999999994,"total":0.84995219999999994,"children":null},"AgentInfo.ToProto":{"count":143584,"self":2.9991925999999998,"total":693.6575351,"children":{"GenerateSensorData":{"count":143584,"self":14.2803984,"total":690.6583425,"children":{"CameraSensor.GetCompressedObservation":{"count":287168,"self":676.3779584,"total":676.3779442,"children":null}}}}}}},"DecideAction":{"count":143584,"self":1273.9901439999999,"total":1273.9901008,"children":null},"AgentAct":{"count":143584,"self":50.8332352,"total":54.7265405,"children":{"AgentInfo.ToProto":{"count":821,"self":0.0229194,"total":3.8933042999999996,"children":{"GenerateSensorData":{"count":821,"self":0.08450089999999999,"total":3.8703849,"children":{"CameraSensor.GetCompressedObservation":{"count":1642,"self":3.785884,"total":3.785884,"children":null}}}}}}}},"gauges":{"Gesture.CumulativeReward":{"count":821,"max":0.988,"min":-14.7150736,"runningAverage":-0.07570149,"value":-1.14400387,"weightedAverage":-0.656242251}},"metadata":{"timer_format_version":"0.1.0","start_time_seconds":"1604982451","unity_version":"2019.4.4f1","command_line_arguments":"C:\\Program Files\\Unity\\Hub\\Editor\\2019.4.4f1\\Editor\\Unity.exe -projectpath D:\/Docs\/Unity Projects\/Gesture_v4.0 -useHub -hubIPC -cloudEnvironment production -hubSessionId 92c10130-225c-11eb-8055-4d5475f43991 -accessToken KHTC31w5dUwhvmSpXBWcidGngrjcQNe8IIJmBc26yLk001f","communication_protocol_version":"1.0.0","com.unity.ml-agents_version":"1.0.5","scene_name":"Scene_main","end_time_seconds":"1604985209"}}