{"count":1,"self":541.013248,"total":4573.1893273,"children":{"AgentSendState":{"count":250334,"self":12.2277408,"total":1172.6165266,"children":{"CollectObservations":{"count":250334,"self":19.179607999999998,"total":19.179608299999998,"children":null},"CollectDiscreteActionMasks":{"count":250334,"self":0.8205462,"total":0.8205462,"children":null},"AgentInfo.ToProto":{"count":250334,"self":3.7050167999999997,"total":1140.3886310999999,"children":{"GenerateSensorData":{"count":250334,"self":21.753432,"total":1136.6836145,"children":{"CameraSensor.GetCompressedObservation":{"count":500668,"self":1114.9301759999998,"total":1114.9301827,"children":null}}}}}}},"DecideAction":{"count":250334,"self":2844.7741951999997,"total":2844.7741526,"children":null},"AgentAct":{"count":250334,"self":11.4286624,"total":14.7844112,"children":{"AgentInfo.ToProto":{"count":738,"self":0.013989099999999999,"total":3.3557487999999998,"children":{"GenerateSensorData":{"count":738,"self":0.0767971,"total":3.3417597,"children":{"CameraSensor.GetCompressedObservation":{"count":1476,"self":3.2649626,"total":3.2649626,"children":null}}}}}}}},"gauges":{"Gesture.CumulativeReward":{"count":738,"max":0.987,"min":-16.21514,"runningAverage":-2.61494136,"value":-2.40000248,"weightedAverage":-1.58865237}},"metadata":{"timer_format_version":"0.1.0","start_time_seconds":"1604132821","unity_version":"2019.4.4f1","command_line_arguments":"C:\\Program Files\\Unity\\Hub\\Editor\\2019.4.4f1\\Editor\\Unity.exe -projectpath D:\/Docs\/Unity Projects\/Gesture_v3.0 -useHub -hubIPC -cloudEnvironment production -hubSessionId e81d3790-15a8-11eb-9dce-bf073cba3655 -accessToken yYtHUj3BqZuf5MJXK19pNFvppOFWDXQkbSmb_IW3MFY001f","communication_protocol_version":"1.0.0","com.unity.ml-agents_version":"1.0.4","scene_name":"Scene_main","end_time_seconds":"1604137394"}}