{"count":1,"self":61.9288064,"total":76.181536499999993,"children":{"AgentSendState":{"count":3574,"self":0.18152839999999998,"total":14.081201199999999,"children":{"CollectObservations":{"count":3574,"self":0.20890409999999998,"total":0.20890409999999998,"children":null},"CollectDiscreteActionMasks":{"count":3574,"self":0.0092882,"total":0.0092882,"children":null},"CameraSensor.GetCompressedObservation":{"count":7148,"self":13.681479999999999,"total":13.6814805,"children":null}}},"DecideAction":{"count":3574,"self":0.013571699999999999,"total":0.013571699999999999,"children":null},"AgentAct":{"count":3574,"self":0.1253301,"total":0.15695689999999998,"children":{"CameraSensor.GetCompressedObservation":{"count":18,"self":0.0316268,"total":0.0316268,"children":null}}}},"gauges":{"Gesture.CumulativeReward":{"count":9,"max":0.7939999,"min":-4.25001431,"runningAverage":-1.44889283,"value":-0.9999942,"weightedAverage":-1.30834639}},"metadata":{"timer_format_version":"0.1.0","start_time_seconds":"1599089595","unity_version":"2019.4.4f1","command_line_arguments":"F:\\Unity Projects\\2019.4.4f1\\Editor\\Unity.exe -projectpath F:\/Unity Projects\/Gesture_v2.0 -useHub -hubIPC -cloudEnvironment production -hubSessionId be788480-ec8b-11ea-b27d-1f8b85b051af -accessToken OmueQRmpwMVDdMu9Bb3ed_r05VL-QEVZc2dV0MsXlF0001f","communication_protocol_version":"1.0.0","com.unity.ml-agents_version":"1.0.4","scene_name":"Scene_main","end_time_seconds":"1599089671"}}